area,electorate
8100101,ginninderra
8100102,ginninderra
8100103,ginninderra
8100104,ginninderra
8100105,ginninderra
8100106,ginninderra
8100201,ginninderra
8100202,ginninderra
8100203,ginninderra
8100204,ginninderra
8100205,ginninderra
8100206,ginninderra
8100208,ginninderra
8100209,ginninderra
8100210,ginninderra
8100211,ginninderra
8100212,ginninderra
8100213,ginninderra
8100214,ginninderra
8100215,ginninderra
8100216,ginninderra
8100217,ginninderra
8100301,ginninderra
8100304,ginninderra
8100306,ginninderra
8100307,ginninderra
8100308,ginninderra
8100309,ginninderra
8100310,ginninderra
8100311,ginninderra
8100312,ginninderra
8100313,ginninderra
8100314,ginninderra
8100315,ginninderra
8100316,ginninderra
8100317,ginninderra
8100318,ginninderra
8100319,ginninderra
8100320,ginninderra
8100401,ginninderra
8100402,ginninderra
8100403,ginninderra
8100404,ginninderra
8100405,ginninderra
8100406,ginninderra
8100408,ginninderra
8100409,ginninderra
8100501,ginninderra
8100502,ginninderra
8100503,ginninderra
8100504,ginninderra
8100505,ginninderra
8100506,ginninderra
8100507,ginninderra
8100508,ginninderra
8100509,ginninderra
8100602,ginninderra
8100604,ginninderra
8100605,ginninderra
8100606,ginninderra
8100607,ginninderra
8100608,ginninderra
8100609,ginninderra
8100610,ginninderra
8100611,ginninderra
8100612,ginninderra
8100613,ginninderra
8100614,ginninderra
8100615,ginninderra
8100616,ginninderra
8100617,ginninderra
8100618,ginninderra
8100619,ginninderra
8100620,ginninderra
8100621,ginninderra
8100622,ginninderra
8100623,ginninderra
8100701,ginninderra
8100702,ginninderra
8100703,ginninderra
8100704,ginninderra
8100705,ginninderra
8100706,ginninderra
8100707,ginninderra
8100708,ginninderra
8100709,ginninderra
8100710,ginninderra
8100711,ginninderra
8100712,ginninderra
8100713,ginninderra
8100714,ginninderra
8100801,ginninderra
8100802,ginninderra
8100803,ginninderra
8100804,ginninderra
8100805,ginninderra
8100806,ginninderra
8100807,ginninderra
8100808,ginninderra
8100809,ginninderra
8100810,ginninderra
8100811,ginninderra
8100812,ginninderra
8100901,ginninderra
8100902,ginninderra
8100903,ginninderra
8100904,ginninderra
8100905,ginninderra
8100906,ginninderra
8100907,ginninderra
8100908,ginninderra
8100909,ginninderra
8100910,ginninderra
8101001,ginninderra
8101002,ginninderra
8101003,ginninderra
8101004,ginninderra
8101005,ginninderra
8101101,yerrabi
8101102,yerrabi
8101103,yerrabi
8101104,yerrabi
8101105,yerrabi
8101106,yerrabi
8101107,yerrabi
8101108,yerrabi
8101109,yerrabi
8101110,yerrabi
8101202,ginninderra
8101203,ginninderra
8101301,ginninderra
8101302,ginninderra
8101303,ginninderra
8101304,ginninderra
8101305,ginninderra
8101306,ginninderra
8101307,ginninderra
8101308,ginninderra
8101309,ginninderra
8101310,ginninderra
8101401,ginninderra
8101402,ginninderra
8101403,ginninderra
8101404,ginninderra
8101405,ginninderra
8101406,ginninderra
8101407,ginninderra
8101501,ginninderra
8101502,ginninderra
8101503,ginninderra
8101504,ginninderra
8101505,ginninderra
8101506,ginninderra
8101508,ginninderra
8101509,ginninderra
8101510,ginninderra
8101511,ginninderra
8101512,ginninderra
8101513,ginninderra
8101514,ginninderra
8101515,ginninderra
8101601,yerrabi
8101602,yerrabi
8101603,yerrabi
8101604,yerrabi
8101605,yerrabi
8101606,yerrabi
8101607,yerrabi
8101608,yerrabi
8101609,yerrabi
8101610,yerrabi
8101611,yerrabi
8101612,yerrabi
8101613,yerrabi
8101614,yerrabi
8101615,yerrabi
8101616,yerrabi
8101617,yerrabi
8101618,yerrabi
8101619,yerrabi
8101701,ginninderra
8101702,ginninderra
8101703,ginninderra
8101704,ginninderra
8101705,ginninderra
8101706,ginninderra
8101707,ginninderra
8101708,ginninderra
8101709,ginninderra
8101802,ginninderra
8101803,ginninderra
8101804,ginninderra
8101902,ginninderra
8101904,ginninderra
8101905,ginninderra
8101906,ginninderra
8101907,ginninderra
8101908,ginninderra
8101909,ginninderra
8101910,ginninderra
8101911,ginninderra
8101912,ginninderra
8101913,ginninderra
8101914,ginninderra
8101915,ginninderra
8101916,ginninderra
8101917,ginninderra
8101918,ginninderra
8101919,ginninderra
8102001,ginninderra
8102002,ginninderra
8102003,ginninderra
8102004,ginninderra
8102005,ginninderra
8102006,ginninderra
8102007,ginninderra
8102008,ginninderra
8102101,ginninderra
8102102,ginninderra
8102103,ginninderra
8102104,ginninderra
8102105,ginninderra
8102201,ginninderra
8102202,ginninderra
8102203,ginninderra
8102204,ginninderra
8102205,ginninderra
8102206,ginninderra
8102207,ginninderra
8102208,ginninderra
8102301,ginninderra
8102302,ginninderra
8102303,ginninderra
8102304,ginninderra
8102305,ginninderra
8102306,ginninderra
8102307,ginninderra
8102401,ginninderra
8102402,ginninderra
8102403,ginninderra
8102404,ginninderra
8102405,ginninderra
8102406,ginninderra
8102407,ginninderra
8102408,ginninderra
8102501,ginninderra
8102502,ginninderra
8102503,ginninderra
8102504,ginninderra
8102505,ginninderra
8102506,ginninderra
8102601,ginninderra
8102602,ginninderra
8102603,ginninderra
8102604,ginninderra
8102605,ginninderra
8102606,ginninderra
8102607,ginninderra
8111101,ginninderra
8111201,ginninderra
8103102,kurrajong
8103103,kurrajong
8103201,kurrajong
8111301,kurrajong
8111302,kurrajong
8111303,kurrajong
8111304,kurrajong
8111305,kurrajong
8111306,kurrajong
8111307,kurrajong
8111308,kurrajong
8111309,kurrajong
8111401,kurrajong
8111501,kurrajong
8111502,kurrajong
8111503,kurrajong
8111504,kurrajong
8111505,kurrajong
8111506,kurrajong
8111507,kurrajong
8103401,yerrabi
8103402,yerrabi
8103403,yerrabi
8103404,yerrabi
8103405,yerrabi
8103406,yerrabi
8103407,yerrabi
8103408,yerrabi
8103409,yerrabi
8103410,yerrabi
8103411,yerrabi
8103412,yerrabi
8103413,yerrabi
8103414,yerrabi
8103501,yerrabi
8103505,yerrabi
8103506,yerrabi
8103507,yerrabi
8103508,yerrabi
8103509,yerrabi
8103510,yerrabi
8103511,yerrabi
8103512,yerrabi
8103513,yerrabi
8103514,yerrabi
8103515,yerrabi
8103516,yerrabi
8103517,yerrabi
8103518,yerrabi
8103519,yerrabi
8103520,yerrabi
8103521,yerrabi
8103522,yerrabi
8103601,yerrabi
8103604,yerrabi
8103605,yerrabi
8103606,yerrabi
8103607,yerrabi
8103608,yerrabi
8103609,yerrabi
8103610,yerrabi
8103611,yerrabi
8103612,yerrabi
8103613,yerrabi
8103614,yerrabi
8103615,yerrabi
8103616,yerrabi
8103617,yerrabi
8103618,yerrabi
8103702,yerrabi
8103703,yerrabi
8103704,yerrabi
8103705,yerrabi
8103706,yerrabi
8103707,yerrabi
8103708,yerrabi
8103709,yerrabi
8103710,yerrabi
8103711,yerrabi
8103712,yerrabi
8103713,yerrabi
8103714,yerrabi
8103804,yerrabi
8103805,yerrabi
8103806,yerrabi
8103807,yerrabi
8103808,yerrabi
8103809,yerrabi
8103810,yerrabi
8103811,yerrabi
8103812,yerrabi
8103813,yerrabi
8103814,yerrabi
8103815,yerrabi
8103907,yerrabi
8103908,yerrabi
8103909,yerrabi
8103910,yerrabi
8103911,yerrabi
8103912,yerrabi
8103913,yerrabi
8103914,yerrabi
8103915,yerrabi
8103916,yerrabi
8103917,yerrabi
8103918,yerrabi
8103919,yerrabi
8103920,yerrabi
8103921,yerrabi
8103922,yerrabi
8103923,yerrabi
8103924,yerrabi
8103925,yerrabi
8103926,yerrabi
8103927,yerrabi
8104001,yerrabi
8104002,yerrabi
8104005,yerrabi
8104006,yerrabi
8104007,yerrabi
8104008,yerrabi
8104011,yerrabi
8104013,yerrabi
8104014,yerrabi
8104015,yerrabi
8104016,yerrabi
8104017,yerrabi
8104018,yerrabi
8104019,yerrabi
8104020,yerrabi
8104021,yerrabi
8104022,yerrabi
8104023,yerrabi
8104024,yerrabi
8104025,yerrabi
8104026,yerrabi
8104027,yerrabi
8104301,yerrabi
8104302,yerrabi
8104401,yerrabi
8104402,yerrabi
8104404,yerrabi
8104405,yerrabi
8104409,yerrabi
8104410,yerrabi
8104411,yerrabi
8104412,yerrabi
8104413,yerrabi
8104414,yerrabi
8104415,yerrabi
8104416,yerrabi
8104417,yerrabi
8104418,yerrabi
8104419,yerrabi
8104420,yerrabi
8104421,yerrabi
8104422,yerrabi
8104423,yerrabi
8104424,yerrabi
8104425,yerrabi
8104426,yerrabi
8104502,yerrabi
8104503,yerrabi
8104504,yerrabi
8104601,yerrabi
8104602,yerrabi
8104603,yerrabi
8104604,yerrabi
8104605,yerrabi
8104606,yerrabi
8104607,yerrabi
8104609,yerrabi
8104612,yerrabi
8104613,yerrabi
8104614,yerrabi
8104616,yerrabi
8104617,yerrabi
8104618,yerrabi
8104619,yerrabi
8104620,yerrabi
8104621,yerrabi
8104622,yerrabi
8104623,yerrabi
8104624,yerrabi
8104625,yerrabi
8104626,yerrabi
8104627,yerrabi
8104628,yerrabi
8104629,yerrabi
8104630,yerrabi
8104631,yerrabi
8104632,yerrabi
8104633,yerrabi
8104634,yerrabi
8104635,yerrabi
8104636,yerrabi
8104637,yerrabi
8104701,yerrabi
8104702,yerrabi
8104703,yerrabi
8104704,yerrabi
8104705,yerrabi
8104706,yerrabi
8104707,yerrabi
8104708,yerrabi
8104709,yerrabi
8104710,yerrabi
8104711,yerrabi
8104712,yerrabi
8104713,yerrabi
8104714,yerrabi
8104715,yerrabi
8104716,yerrabi
8104717,yerrabi
8104718,yerrabi
8104719,yerrabi
8104801,yerrabi
8104802,yerrabi
8104803,yerrabi
8104804,yerrabi
8104805,yerrabi
8104806,yerrabi
8104807,yerrabi
8104808,yerrabi
8104809,yerrabi
8104810,yerrabi
8104811,yerrabi
8104812,yerrabi
8104813,yerrabi
8104814,yerrabi
8111601,yerrabi
8111701,yerrabi
8111801,yerrabi
8111802,yerrabi
8111901,yerrabi
8112001,yerrabi
8112002,yerrabi
8112003,yerrabi
8112004,yerrabi
8112101,yerrabi
8112201,yerrabi
8104901,kurrajong
8104902,kurrajong
8104903,kurrajong
8104904,kurrajong
8105001,kurrajong
8105002,kurrajong
8105003,kurrajong
8105004,kurrajong
8105005,kurrajong
8105006,kurrajong
8105007,kurrajong
8105008,kurrajong
8105011,kurrajong
8105012,kurrajong
8105013,kurrajong
8105014,kurrajong
8105015,kurrajong
8105016,kurrajong
8105017,kurrajong
8105018,kurrajong
8105101,kurrajong
8105102,kurrajong
8105104,kurrajong
8105105,kurrajong
8105109,kurrajong
8105110,kurrajong
8105111,kurrajong
8105112,kurrajong
8105113,kurrajong
8105114,kurrajong
8105115,kurrajong
8105116,kurrajong
8105117,kurrajong
8105118,kurrajong
8105301,kurrajong
8105302,kurrajong
8105305,kurrajong
8105306,kurrajong
8105307,kurrajong
8105308,kurrajong
8105309,kurrajong
8105310,kurrajong
8105401,kurrajong
8105403,kurrajong
8105404,kurrajong
8105405,kurrajong
8105406,kurrajong
8105501,kurrajong
8105502,kurrajong
8105503,kurrajong
8105504,kurrajong
8105505,kurrajong
8105506,kurrajong
8105507,kurrajong
8105508,kurrajong
8105509,kurrajong
8105601,kurrajong
8105602,kurrajong
8105603,kurrajong
8105604,kurrajong
8105605,kurrajong
8105606,kurrajong
8105607,kurrajong
8105701,kurrajong
8105702,kurrajong
8105703,kurrajong
8105704,kurrajong
8105705,kurrajong
8105706,kurrajong
8105708,kurrajong
8105709,kurrajong
8105711,kurrajong
8105712,kurrajong
8105713,kurrajong
8105714,kurrajong
8105715,kurrajong
8105801,kurrajong
8105802,kurrajong
8105803,kurrajong
8105804,kurrajong
8105805,kurrajong
8105806,kurrajong
8105807,kurrajong
8105808,kurrajong
8105809,kurrajong
8105810,kurrajong
8105811,kurrajong
8105812,kurrajong
8105813,kurrajong
8105814,kurrajong
8106002,kurrajong
8106003,kurrajong
8106006,kurrajong
8106007,kurrajong
8106008,kurrajong
8106009,kurrajong
8106010,kurrajong
8106011,kurrajong
8106012,kurrajong
8106013,kurrajong
8106101,kurrajong
8106102,kurrajong
8106103,kurrajong
8106106,kurrajong
8106107,kurrajong
8106108,kurrajong
8106109,kurrajong
8106110,kurrajong
8106111,kurrajong
8106112,kurrajong
8106113,kurrajong
8106114,kurrajong
8106115,kurrajong
8106116,kurrajong
8106117,kurrajong
8106118,kurrajong
8106119,kurrajong
8112301,kurrajong
8112401,kurrajong
8112402,kurrajong
8112403,kurrajong
8112404,kurrajong
8112405,kurrajong
8112406,kurrajong
8112407,kurrajong
8112408,kurrajong
8112409,kurrajong
8112501,kurrajong
8112502,kurrajong
8112601,kurrajong
8112602,kurrajong
8112701,kurrajong
8112702,kurrajong
8112703,kurrajong
8112704,kurrajong
8112801,kurrajong
8106201,murrumbidgee
8106202,murrumbidgee
8106203,murrumbidgee
8106204,murrumbidgee
8106205,murrumbidgee
8106206,murrumbidgee
8106207,murrumbidgee
8106208,murrumbidgee
8106209,murrumbidgee
8106301,kurrajong
8106302,kurrajong
8106303,kurrajong
8106304,kurrajong
8106401,kurrajong
8106402,kurrajong
8106403,kurrajong
8106404,kurrajong
8106405,kurrajong
8106407,kurrajong
8106409,kurrajong
8106410,kurrajong
8106411,kurrajong
8106413,kurrajong
8106414,kurrajong
8106415,kurrajong
8106416,kurrajong
8106417,kurrajong
8106601,murrumbidgee
8106701,kurrajong
8106702,kurrajong
8106703,kurrajong
8106704,kurrajong
8106705,kurrajong
8106706,kurrajong
8106707,kurrajong
8106708,kurrajong
8106709,kurrajong
8106710,kurrajong
8106712,kurrajong
8106713,kurrajong
8106714,kurrajong
8106715,kurrajong
8106716,kurrajong
8106717,kurrajong
8106718,kurrajong
8106719,kurrajong
8106801,kurrajong
8106901,kurrajong
8106902,kurrajong
8106903,kurrajong
8106904,kurrajong
8106905,kurrajong
8106906,kurrajong
8106907,kurrajong
8106908,murrumbidgee
8106909,kurrajong
8107001,murrumbidgee
8107002,murrumbidgee
8107003,murrumbidgee
8107004,murrumbidgee
8107005,murrumbidgee
8107006,murrumbidgee
8107007,murrumbidgee
8107008,murrumbidgee
8112901,kurrajong
8112902,kurrajong
8112903,kurrajong
8113002,kurrajong
8113003,kurrajong
8113004,kurrajong
8113005,kurrajong
8113006,kurrajong
8113007,kurrajong
8113101,kurrajong
8113102,kurrajong
8113103,kurrajong
8113104,kurrajong
8113105,kurrajong
8113106,kurrajong
8113107,kurrajong
8113108,kurrajong
8113109,kurrajong
8113110,kurrajong
8113111,kurrajong
8107101,brindabella
8107102,brindabella
8107104,brindabella
8107105,brindabella
8107106,brindabella
8107107,brindabella
8107108,brindabella
8107109,brindabella
8107110,brindabella
8107111,brindabella
8107112,brindabella
8107113,brindabella
8107114,brindabella
8107202,brindabella
8107203,brindabella
8107204,brindabella
8107205,brindabella
8107206,brindabella
8107207,brindabella
8107208,brindabella
8107209,brindabella
8107210,brindabella
8107211,brindabella
8107301,brindabella
8107302,brindabella
8107303,brindabella
8107304,brindabella
8107307,brindabella
8107308,brindabella
8107309,brindabella
8107310,brindabella
8107311,brindabella
8107312,brindabella
8107313,brindabella
8107314,brindabella
8107315,brindabella
8107316,brindabella
8107317,brindabella
8107401,brindabella
8107402,brindabella
8107403,brindabella
8107404,brindabella
8107405,brindabella
8107406,brindabella
8107407,brindabella
8107408,brindabella
8107409,brindabella
8107410,brindabella
8107411,brindabella
8107412,brindabella
8107413,brindabella
8107502,brindabella
8107503,brindabella
8107504,brindabella
8107505,brindabella
8107506,brindabella
8107507,brindabella
8107508,brindabella
8107509,brindabella
8107510,brindabella
8107512,brindabella
8107513,brindabella
8107514,brindabella
8107515,brindabella
8107516,brindabella
8107517,brindabella
8107601,brindabella
8107602,brindabella
8107603,brindabella
8107604,brindabella
8107605,brindabella
8107606,brindabella
8107607,brindabella
8107608,brindabella
8107609,brindabella
8107701,brindabella
8107702,brindabella
8107703,brindabella
8107704,brindabella
8107705,brindabella
8107706,brindabella
8107707,brindabella
8107708,brindabella
8107801,brindabella
8107802,brindabella
8107803,brindabella
8107804,brindabella
8107805,brindabella
8107806,brindabella
8107807,brindabella
8107808,brindabella
8107809,brindabella
8107810,brindabella
8107811,brindabella
8107812,brindabella
8107813,brindabella
8107814,brindabella
8107815,brindabella
8107816,brindabella
8107817,brindabella
8107818,brindabella
8107819,brindabella
8107820,brindabella
8107821,brindabella
8107901,brindabella
8107902,brindabella
8107903,brindabella
8107904,brindabella
8107905,brindabella
8107906,brindabella
8107907,brindabella
8107908,brindabella
8107909,brindabella
8108002,brindabella
8108003,brindabella
8108005,brindabella
8108006,brindabella
8108007,brindabella
8108008,brindabella
8108009,brindabella
8108010,brindabella
8108011,brindabella
8108101,brindabella
8108102,brindabella
8108103,brindabella
8108104,brindabella
8108105,brindabella
8108106,brindabella
8108107,brindabella
8108108,brindabella
8108109,brindabella
8108111,brindabella
8108112,brindabella
8108113,brindabella
8108114,brindabella
8108201,murrumbidgee
8108202,brindabella
8108203,brindabella
8108204,brindabella
8108205,brindabella
8108206,brindabella
8108207,brindabella
8108208,murrumbidgee
8108209,murrumbidgee
8108210,murrumbidgee
8108211,murrumbidgee
8108212,murrumbidgee
8108213,brindabella
8108214,brindabella
8108215,brindabella
8108216,murrumbidgee
8108217,murrumbidgee
8108218,murrumbidgee
8108219,brindabella
8108220,brindabella
8108221,brindabella
8108222,murrumbidgee
8108223,murrumbidgee
8108224,murrumbidgee
8108225,murrumbidgee
8108226,murrumbidgee
8108227,murrumbidgee
8108228,murrumbidgee
8108229,brindabella
8108230,brindabella
8108231,murrumbidgee
8108232,brindabella
8108233,murrumbidgee
8108234,brindabella
8108235,brindabella
8108236,brindabella
8108237,brindabella
8108238,brindabella
8108239,brindabella
8108240,brindabella
8108241,murrumbidgee
8108301,brindabella
8108302,brindabella
8108303,brindabella
8108401,brindabella
8108402,brindabella
8108403,brindabella
8108404,brindabella
8108405,brindabella
8108406,brindabella
8108407,brindabella
8108408,brindabella
8108409,brindabella
8108410,brindabella
8108411,brindabella
8108412,brindabella
8108413,brindabella
8108414,brindabella
8108415,brindabella
8108417,brindabella
8108418,brindabella
8108419,brindabella
8108420,brindabella
8108501,murrumbidgee
8108601,brindabella
8108602,brindabella
8108603,brindabella
8108604,brindabella
8108605,brindabella
8108701,brindabella
8108702,brindabella
8108703,brindabella
8108704,brindabella
8108705,brindabella
8108706,brindabella
8108707,brindabella
8108801,brindabella
8108802,brindabella
8108803,brindabella
8108804,brindabella
8108805,brindabella
8108806,brindabella
8108807,brindabella
8108808,brindabella
8108809,brindabella
8108810,brindabella
8108901,brindabella
8109001,brindabella
8109002,brindabella
8109003,brindabella
8109004,brindabella
8109005,brindabella
8109006,brindabella
8109007,brindabella
8109008,brindabella
8109009,brindabella
8109010,brindabella
8109011,brindabella
8109012,brindabella
8109013,brindabella
8109014,brindabella
8109015,brindabella
8109016,brindabella
8109017,brindabella
8109018,brindabella
8109019,brindabella
8109020,brindabella
8113201,brindabella
8113202,brindabella
8109101,murrumbidgee
8109102,murrumbidgee
8109103,murrumbidgee
8109104,murrumbidgee
8109105,murrumbidgee
8109106,murrumbidgee
8109107,murrumbidgee
8109108,murrumbidgee
8109201,murrumbidgee
8109202,murrumbidgee
8109203,murrumbidgee
8109204,murrumbidgee
8109205,murrumbidgee
8109206,murrumbidgee
8109207,murrumbidgee
8109208,murrumbidgee
8109209,murrumbidgee
8109210,murrumbidgee
8109301,murrumbidgee
8109302,murrumbidgee
8109303,murrumbidgee
8109304,murrumbidgee
8109305,murrumbidgee
8109306,murrumbidgee
8109401,murrumbidgee
8109402,murrumbidgee
8109403,murrumbidgee
8109404,murrumbidgee
8109405,murrumbidgee
8109406,murrumbidgee
8109407,murrumbidgee
8109501,murrumbidgee
8109502,murrumbidgee
8109503,murrumbidgee
8109504,murrumbidgee
8109505,murrumbidgee
8109506,murrumbidgee
8109507,murrumbidgee
8109508,murrumbidgee
8109509,murrumbidgee
8109601,murrumbidgee
8109602,murrumbidgee
8109603,murrumbidgee
8109604,murrumbidgee
8109605,murrumbidgee
8109701,murrumbidgee
8109702,murrumbidgee
8109703,murrumbidgee
8109705,murrumbidgee
8109706,murrumbidgee
8109707,murrumbidgee
8109708,murrumbidgee
8109801,murrumbidgee
8109802,murrumbidgee
8109804,murrumbidgee
8109806,murrumbidgee
8109807,murrumbidgee
8109808,murrumbidgee
8109809,murrumbidgee
8109810,murrumbidgee
8109811,murrumbidgee
8109812,murrumbidgee
8109813,murrumbidgee
8109814,murrumbidgee
8113301,murrumbidgee
8109901,murrumbidgee
8109902,murrumbidgee
8109903,murrumbidgee
8109904,murrumbidgee
8109905,murrumbidgee
8110001,murrumbidgee
8110002,murrumbidgee
8110003,murrumbidgee
8110004,murrumbidgee
8110005,murrumbidgee
8110006,murrumbidgee
8110007,murrumbidgee
8110008,murrumbidgee
8110009,murrumbidgee
8110010,murrumbidgee
8110011,murrumbidgee
8110012,murrumbidgee
8110101,murrumbidgee
8110102,murrumbidgee
8110104,murrumbidgee
8110105,murrumbidgee
8110106,murrumbidgee
8110107,murrumbidgee
8110108,murrumbidgee
8110109,murrumbidgee
8110110,murrumbidgee
8110201,murrumbidgee
8110202,murrumbidgee
8110203,murrumbidgee
8110204,murrumbidgee
8110205,kurrajong
8110206,murrumbidgee
8110207,murrumbidgee
8110209,murrumbidgee
8110210,murrumbidgee
8110211,murrumbidgee
8110301,murrumbidgee
8110302,murrumbidgee
8110303,murrumbidgee
8110304,murrumbidgee
8110305,murrumbidgee
8110306,murrumbidgee
8110307,murrumbidgee
8110308,murrumbidgee
8110401,murrumbidgee
8110402,murrumbidgee
8110403,murrumbidgee
8110404,murrumbidgee
8110405,murrumbidgee
8110406,murrumbidgee
8110501,murrumbidgee
8110502,murrumbidgee
8110503,murrumbidgee
8110504,murrumbidgee
8110505,murrumbidgee
8110506,murrumbidgee
8110507,murrumbidgee
8110601,murrumbidgee
8110602,murrumbidgee
8110603,murrumbidgee
8110604,murrumbidgee
8110605,murrumbidgee
8110606,murrumbidgee
8110607,murrumbidgee
8110701,murrumbidgee
8110702,murrumbidgee
8110801,murrumbidgee
8110802,murrumbidgee
8110803,murrumbidgee
8110804,murrumbidgee
8110805,murrumbidgee
8110806,murrumbidgee
8110807,murrumbidgee
8110901,murrumbidgee
8110903,murrumbidgee
8110904,murrumbidgee
8110905,murrumbidgee
8110906,murrumbidgee
8110907,murrumbidgee
8110908,murrumbidgee
8110910,murrumbidgee
8110911,murrumbidgee
8110912,murrumbidgee
8110913,murrumbidgee
8110914,murrumbidgee
8111001,murrumbidgee
8111002,murrumbidgee
8111003,murrumbidgee
8111004,murrumbidgee
8111005,murrumbidgee
8111006,murrumbidgee
8113401,murrumbidgee
8113501,murrumbidgee
8113502,murrumbidgee
8113503,murrumbidgee
8113504,murrumbidgee
8113505,murrumbidgee
8113601,murrumbidgee
8113701,murrumbidgee
8113801,murrumbidgee
8113901,murrumbidgee
8113902,murrumbidgee
8113903,murrumbidgee
8113904,murrumbidgee
8113905,murrumbidgee
8113906,murrumbidgee
8113907,murrumbidgee
8113908,murrumbidgee
8113909,murrumbidgee
8113910,murrumbidgee
8114001,murrumbidgee
8114002,brindabella
8114003,murrumbidgee
8114004,brindabella
8114101,brindabella